{
  "built_at": "2025-11-29T10:19:23Z",
  "git_commit": "074c425d562544d8407a7afe3a43253bffd5b805",
  "git_short": "074c425",
  "git_branch": "main",
  "builder": "vscode",
  "source": "build_deployment.py",
  "generated_client_id": "test_wCBBfigp",
  "generated_secret_key": "zRZ37HrfLge2pmh__readonly_secret_aCRu9iWQ3n0",
  "demo_clients": [
    {
      "client_id": "test_wCBBfigp",
      "secret_key": "zRZ37HrfLge2pmh__readonly_secret_aCRu9iWQ3n0",
      "description": "Read-only host",
      "token": "test_wCBBfigp:zRZ37HrfLge2pmh__readonly_secret_aCRu9iWQ3n0"
    },
    {
      "client_id": "test_WgYjKp57",
      "secret_key": "WEFOhp4NuRqafn0C_readonly_secret_4FINHWG4Yp4",
      "description": "Full control host",
      "token": "test_WgYjKp57:WEFOhp4NuRqafn0C_readonly_secret_4FINHWG4Yp4"
    },
    {
      "client_id": "test_IgKQZPZG",
      "secret_key": "v2tE8_8JfGBUSTSb_readonly_secret_SAGPxRpR0mc",
      "description": "Subdomain read-only",
      "token": "test_IgKQZPZG:v2tE8_8JfGBUSTSb_readonly_secret_SAGPxRpR0mc"
    },
    {
      "client_id": "test_YsPnzCJy",
      "secret_key": "n9mE2jvA6pL71boB_readonly_secret_A1GDC6rOdq4",
      "description": "Subdomain with update",
      "token": "test_YsPnzCJy:n9mE2jvA6pL71boB_readonly_secret_A1GDC6rOdq4"
    },
    {
      "client_id": "test_i7uBbrDy",
      "secret_key": "VyoWqHu2dJMl8Jp__readonly_secret_IwjaO28l6W4",
      "description": "Multi-record full control",
      "token": "test_i7uBbrDy:VyoWqHu2dJMl8Jp__readonly_secret_IwjaO28l6W4"
    }
  ]
}