{
  "target": "local",
  "build": {
    "built_at": "2025-11-29T10:19:23Z",
    "git_commit": "074c425",
    "git_branch": "main",
    "builder": "vscode",
    "source": "build_deployment.py"
  },
  "admin": {
    "username": "admin",
    "password": "admin",
    "password_changed_at": null
  },
  "clients": [
    {
      "client_id": "test_wCBBfigp",
      "secret_key": "zRZ37HrfLge2pmh__readonly_secret_aCRu9iWQ3n0",
      "description": "Read-only host",
      "is_primary": true
    },
    {
      "client_id": "test_WgYjKp57",
      "secret_key": "WEFOhp4NuRqafn0C_readonly_secret_4FINHWG4Yp4",
      "description": "Full control host",
      "is_primary": false
    },
    {
      "client_id": "test_IgKQZPZG",
      "secret_key": "v2tE8_8JfGBUSTSb_readonly_secret_SAGPxRpR0mc",
      "description": "Subdomain read-only",
      "is_primary": false
    },
    {
      "client_id": "test_YsPnzCJy",
      "secret_key": "n9mE2jvA6pL71boB_readonly_secret_A1GDC6rOdq4",
      "description": "Subdomain with update",
      "is_primary": false
    },
    {
      "client_id": "test_i7uBbrDy",
      "secret_key": "VyoWqHu2dJMl8Jp__readonly_secret_IwjaO28l6W4",
      "description": "Multi-record full control",
      "is_primary": false
    }
  ],
  "last_updated_at": "2025-11-29T10:19:23Z",
  "updated_by": "build_deployment.py"
}